"name","C29","C30","C31","C32","C33","C34","C35","C36","C37","C38","C39","C40","C41","C42","C43","C44","C45","C46","C47","C48","C49","C50","C51","C52","C53","C54","C55","C56","C57","C58","C59","C60","C61","C62","C63","C64","C65","C66","C67","C68","C69","C70","C71","C72","C73","C74","C75","C76","C77","C78","C79","C80","C81","C82","C83","C84","C85","C86","C87","C88","C89","C90","C91","C92","C93","C94","C95","Total","1950s","1960s","1970s","1980s","1990s","2000s","2010s","2020s"
"Afghanistan",NA,NA,NA,NA,NA,NA,NA,NA,NA,NA,NA,NA,NA,NA,NA,NA,NA,NA,NA,NA,NA,NA,NA,NA,NA,NA,NA,NA,NA,NA,NA,NA,NA,NA,NA,NA,NA,NA,NA,NA,NA,NA,NA,NA,NA,NA,"X","X","X",NA,NA,NA,"X",NA,"X",NA,"X","X","X","D","NL","X","X","D",NA,NA,NA,"13",0,0,0,0,0,4,8,1
"Albania",NA,NA,NA,NA,NA,NA,NA,NA,NA,NA,NA,NA,NA,NA,NA,NA,NA,NA,NA,NA,NA,NA,NA,NA,NA,NA,NA,NA,NA,NA,NA,NA,NA,NA,NA,NA,NA,NA,NA,NA,"X",NA,NA,NA,NA,"X",NA,NA,NA,NA,NA,NA,"X","X","X","X","X","X",NA,"X","X","X",NA,"X","X","X","X","15",0,0,0,0,1,2,8,4
"Algeria",NA,NA,NA,NA,NA,NA,NA,NA,NA,NA,NA,NA,NA,"W",NA,NA,NA,NA,NA,"X",NA,NA,NA,NA,NA,NA,"X","N",NA,NA,"X",NA,NA,NA,NA,"X",NA,NA,"X","N","X",NA,NA,NA,"X","X","X",NA,NA,NA,"N",NA,"X","D","N",NA,"X",NA,NA,"X","X","X","X","X","WD","X","X","25",0,0,2,3,4,5,7,4
"Argentina",NA,NA,NA,NA,NA,"X","X",NA,NA,"X",NA,NA,NA,NA,NA,NA,NA,NA,"N","X","X","X",NA,"X",NA,"X","X",NA,"N","W","X","X","X","X","X","X","X","X","X","X","X","X","N","X","X","N","X","X","X","X","X","X","X","W","X","X","X","X","N","X","X","X","X","X","X","X","N","49",0,3,4,8,10,10,10,4
"Armenia",NA,NA,NA,NA,NA,NA,NA,NA,NA,NA,NA,NA,NA,NA,NA,NA,NA,NA,NA,NA,NA,NA,NA,NA,NA,NA,NA,NA,NA,NA,NA,NA,NA,NA,NA,NA,NA,NA,NA,NA,NA,NA,NA,NA,NA,"X",NA,"X",NA,NA,NA,NA,NA,"X",NA,NA,"X",NA,NA,NA,"D","X","X","X","X","X","X","11",0,0,0,0,0,2,5,4
"Australia",NA,NA,NA,NA,NA,NA,NA,NA,NA,NA,NA,NA,NA,NA,NA,NA,NA,NA,NA,NA,NA,NA,NA,NA,NA,NA,NA,NA,NA,NA,NA,NA,NA,NA,NA,NA,NA,NA,NA,NA,"X",NA,NA,NA,NA,"X",NA,NA,NA,NA,"X","X",NA,"S",NA,NA,"X","X","X","X","N","X","X","X",NA,"X","X","15",0,0,0,0,1,3,8,3
"Austria",NA,NA,NA,NA,NA,"X",NA,NA,NA,NA,NA,NA,NA,"X",NA,NA,NA,NA,NA,NA,NA,"X",NA,"X","X","X",NA,"X","X","X","N","X","X","X","X","X","X","X","X","X","X","X","X","X","X","X","X","X","X","D","X","W","N","X","X","X","W","X","X","X","X","X","X","D","X","S","S","46",0,1,2,9,10,10,10,4
"Azerbaijan",NA,NA,NA,NA,NA,NA,NA,NA,NA,NA,NA,NA,NA,NA,NA,NA,NA,NA,NA,NA,NA,NA,NA,NA,NA,NA,NA,NA,NA,NA,NA,NA,NA,NA,NA,NA,NA,NA,NA,NA,NA,NA,NA,NA,NA,NA,NA,NA,NA,NA,NA,"X","X",NA,"X",NA,"X","X","X",NA,NA,"X",NA,NA,NA,"X","X","9",0,0,0,0,0,2,5,2
"Bangladesh",NA,NA,NA,NA,NA,NA,NA,NA,NA,NA,NA,NA,NA,NA,NA,NA,NA,NA,NA,NA,NA,NA,NA,NA,NA,NA,NA,NA,NA,NA,NA,NA,NA,NA,NA,NA,NA,NA,NA,NA,NA,NA,NA,NA,NA,NA,"X",NA,NA,"X","X","X","X","X","X",NA,"X","X","X","X","X","X","X","X","X","X","X","18",0,0,0,0,0,5,9,4
"Belarus",NA,NA,NA,NA,NA,NA,NA,NA,NA,NA,NA,NA,NA,NA,NA,NA,NA,NA,NA,NA,NA,NA,NA,NA,NA,NA,NA,NA,NA,NA,NA,NA,NA,NA,NA,NA,NA,NA,"X",NA,"X",NA,NA,NA,NA,NA,NA,NA,NA,NA,NA,NA,NA,NA,NA,NA,NA,NA,NA,NA,NA,NA,"X","X","D",NA,NA,"5",0,0,0,0,2,0,1,2
"Belgium",NA,NA,NA,NA,NA,NA,NA,NA,NA,NA,NA,"X",NA,"X","N",NA,"X",NA,"X",NA,"X","X",NA,"X",NA,"X","X",NA,NA,"X","X","X","N","X",NA,"X","N","X","N","X","X","X","X","X","N","X","X","X","X","X","X","X","X","X","X","N","X","N","X","S","X","X","X","X","X","S","N","47",0,1,6,7,9,10,10,4
"Bhutan",NA,NA,NA,NA,NA,NA,NA,NA,NA,NA,NA,NA,NA,NA,NA,NA,NA,NA,NA,NA,NA,NA,NA,NA,NA,NA,NA,NA,NA,NA,NA,NA,NA,NA,NA,NA,NA,NA,NA,NA,NA,NA,NA,"X",NA,NA,NA,NA,NA,NA,NA,NA,NA,NA,NA,NA,NA,NA,NA,NA,NA,NA,NA,NA,"D","N",NA,"3",0,0,0,0,0,1,0,2
"Bolivia",NA,NA,NA,NA,NA,NA,NA,NA,NA,NA,NA,NA,NA,NA,NA,NA,NA,NA,NA,NA,NA,NA,NA,NA,NA,NA,NA,NA,NA,NA,NA,NA,NA,NA,NA,NA,NA,NA,NA,"X",NA,NA,NA,NA,NA,NA,NA,"X",NA,"D","X","D",NA,"X",NA,NA,NA,NA,"X",NA,"X","X","X","X","X","X","X","14",0,0,0,0,1,4,5,4
"Bosnia and Herzegovina",NA,NA,NA,NA,NA,NA,NA,NA,NA,NA,NA,NA,NA,NA,NA,NA,NA,NA,NA,NA,NA,NA,NA,NA,NA,NA,NA,NA,NA,NA,NA,NA,NA,NA,NA,NA,NA,NA,"X",NA,NA,NA,NA,NA,NA,"W",NA,"X","X","X","X","X","X","X","X","X","X","S","X","X","X","X","X","X","N","X","X","22",0,0,0,0,1,7,10,4
"Brazil",NA,NA,NA,NA,"X",NA,"N",NA,"X","X",NA,"X","X","X","X","X","X","X","X","X","X","X","X",NA,"X",NA,NA,NA,"X",NA,"X","X","X","X",NA,NA,NA,NA,NA,"N","X","N","N","X","X","X","X","X","X","X","X","S","X","X","X","X","X","X","X","X","X","X","X","X","X","X","X","50",0,6,10,5,5,10,10,4
"Bulgaria",NA,NA,NA,NA,NA,NA,NA,NA,NA,NA,NA,NA,NA,NA,NA,"X","X",NA,"X",NA,NA,NA,NA,"X",NA,NA,"X",NA,NA,NA,NA,NA,"X","X","X","X",NA,"X",NA,NA,NA,NA,NA,NA,"X","X","X","X","X","X","X","X","X","S","X","X","X","X","X","X","X","X","X","X","X","X","X","33",0,0,3,3,4,9,10,4
"Burkina Faso",NA,NA,NA,NA,NA,NA,NA,NA,NA,NA,NA,NA,NA,NA,NA,NA,NA,NA,NA,NA,NA,NA,NA,NA,NA,NA,NA,NA,NA,NA,NA,NA,NA,"X",NA,NA,NA,NA,NA,NA,NA,NA,NA,NA,NA,NA,NA,NA,NA,NA,NA,NA,NA,NA,NA,NA,NA,NA,NA,NA,NA,NA,NA,NA,NA,NA,NA,"1",0,0,0,0,1,0,0,0
"Cambodia",NA,NA,NA,NA,NA,NA,NA,NA,NA,NA,NA,NA,NA,NA,NA,NA,NA,NA,NA,NA,NA,NA,NA,NA,NA,NA,NA,NA,NA,NA,NA,NA,NA,NA,NA,NA,NA,NA,"X",NA,NA,NA,NA,NA,NA,NA,NA,NA,NA,NA,NA,NA,NA,NA,NA,NA,"X","N",NA,"X","X","X","X","X","X","X","S","11",0,0,0,0,1,0,6,4
"Cameroon",NA,NA,NA,NA,NA,NA,NA,NA,NA,NA,NA,NA,NA,NA,NA,NA,NA,NA,NA,NA,NA,NA,NA,NA,"X",NA,NA,NA,NA,NA,NA,NA,NA,NA,NA,NA,NA,NA,NA,NA,NA,NA,NA,NA,NA,NA,NA,NA,NA,NA,NA,NA,NA,NA,NA,NA,NA,NA,NA,NA,"NL",NA,NA,NA,"X","X","X","5",0,0,0,1,0,0,1,3
"Canada",NA,NA,NA,NA,NA,NA,NA,NA,NA,NA,NA,NA,NA,NA,NA,"X","X",NA,NA,"X",NA,"X",NA,"X","X","X","X","X","X","X","N","X","X","N","X","X","X","X","X","X","X","X","X","X","X","X","X","W","X","X","N","S","S","X","N","N","N","X","X","X","S","X","X","X","X","X","X","48",0,0,4,10,10,10,10,4
"Chad",NA,NA,NA,NA,NA,NA,NA,NA,NA,NA,NA,NA,NA,NA,NA,NA,NA,NA,NA,NA,NA,NA,NA,NA,NA,NA,NA,NA,NA,NA,NA,NA,NA,NA,NA,NA,NA,NA,NA,NA,NA,NA,NA,NA,NA,NA,"X",NA,NA,NA,NA,NA,NA,NA,NA,NA,NA,"X",NA,NA,NA,NA,NA,NA,NA,"X",NA,"3",0,0,0,0,0,1,1,1
"Chile",NA,NA,NA,NA,NA,NA,NA,NA,NA,NA,NA,NA,NA,NA,NA,NA,NA,NA,NA,NA,NA,NA,NA,NA,NA,NA,NA,NA,NA,NA,NA,NA,NA,NA,"X","X",NA,"X","X",NA,NA,NA,NA,NA,"X","X","X","X","X","X","X","X","X","X","X","X","N","X","X","X","X","W","X","X","S","X","X","27",0,0,0,0,4,9,10,4
"China",NA,NA,NA,NA,NA,NA,NA,NA,NA,NA,NA,NA,NA,NA,NA,NA,NA,NA,NA,NA,NA,NA,NA,"X",NA,NA,NA,"X","X",NA,"X","X","X","X","N","X","X","X",NA,"X",NA,NA,"X","X","X",NA,"N","X","X","X","X","X","X","X","X","X","X","X","X","X","X","X","X","X","X","X","X","36",0,0,0,6,7,9,10,4
"Colombia",NA,NA,NA,NA,NA,NA,NA,NA,NA,NA,NA,NA,NA,NA,NA,NA,NA,NA,NA,NA,NA,NA,NA,NA,"X",NA,NA,NA,"X",NA,"X",NA,NA,NA,NA,"X",NA,NA,"X",NA,"X","X","X","X",NA,"X","X","X","X","X","X","X","X","X","X","X","X","X","X","N","X","X","S","X","X","X","X","31",0,0,0,3,5,9,10,4
"Costa Rica",NA,NA,NA,NA,NA,NA,NA,NA,NA,NA,NA,NA,NA,NA,NA,NA,NA,NA,NA,NA,NA,NA,NA,NA,NA,NA,NA,NA,NA,NA,NA,NA,NA,NA,NA,NA,NA,NA,NA,NA,NA,NA,NA,NA,NA,NA,NA,NA,NA,"X",NA,NA,NA,NA,"X",NA,NA,NA,"X","X","X","X","X","X","X","X","X","11",0,0,0,0,0,1,6,4
"Croatia",NA,NA,NA,NA,NA,NA,NA,NA,NA,NA,NA,NA,NA,NA,NA,NA,NA,NA,NA,NA,NA,NA,NA,NA,NA,NA,NA,NA,NA,NA,NA,NA,NA,NA,NA,NA,"X","X","X","X","X","X","X","X","X","X","X","X","X","X","X","X","X","X","X","X","X","X","X","X","X","X","X","X","X","X","X","31",0,0,0,0,7,10,10,4
"Cuba",NA,NA,NA,NA,NA,NA,NA,NA,NA,NA,NA,NA,NA,NA,NA,NA,NA,NA,NA,NA,NA,NA,"X",NA,NA,NA,NA,NA,NA,NA,NA,"X","X","X","X","X","X",NA,"N",NA,"X","X",NA,NA,NA,NA,"X","X",NA,"X","X","X",NA,"X",NA,"X",NA,NA,"X",NA,"X",NA,"NL","X","X",NA,NA,"22",0,0,1,2,7,5,5,2
"Czech Republic",NA,NA,NA,NA,NA,NA,NA,NA,NA,NA,NA,NA,NA,NA,NA,NA,NA,NA,NA,NA,NA,NA,NA,NA,NA,NA,NA,NA,NA,NA,NA,NA,NA,NA,NA,NA,NA,NA,"X","X","W","X","X","X","N","X","X","N","X","X","X","X","X","X","X","X","X","X","X","X","X","X","X","S","S","X","X","29",0,0,0,0,5,10,10,4
"Czechoslovakia",NA,NA,NA,NA,NA,NA,NA,NA,"X","W","N","W","N","X",NA,NA,NA,"X","X","X","X",NA,"X","X","X","X","X","X","X","X","N","X",NA,"X","X","N",NA,NA,NA,NA,NA,NA,NA,NA,NA,NA,NA,NA,NA,NA,NA,NA,NA,NA,NA,NA,NA,NA,NA,NA,NA,NA,NA,NA,NA,NA,NA,"23",0,5,6,9,3,0,0,0
"DR Congo",NA,NA,NA,NA,NA,NA,NA,NA,NA,NA,NA,NA,NA,NA,NA,NA,NA,NA,NA,NA,NA,NA,NA,NA,NA,NA,NA,NA,NA,NA,NA,NA,NA,NA,NA,NA,NA,NA,NA,NA,NA,"X",NA,NA,NA,NA,NA,NA,NA,NA,NA,NA,NA,NA,NA,NA,NA,NA,NA,NA,NA,NA,NA,NA,NA,NA,NA,"1",0,0,0,0,1,0,0,0
"Denmark","N","X","X","N",NA,"N",NA,NA,"X","X","X","X","X","X","X","X","X",NA,"X","X","X","X","X","X",NA,NA,"X","X","X","X","X","W","W","N","X","X","X","X","X",NA,"X","X","X","X","X","X","X","X","X","X","N","X","X","X","W","S","N","N","X","N","N","X","S","X","W","N","S","60",3,7,9,8,9,10,10,4
"Dominican Republic",NA,NA,NA,NA,NA,NA,NA,NA,NA,NA,NA,NA,NA,NA,NA,NA,NA,NA,NA,NA,NA,NA,NA,NA,NA,NA,NA,"X",NA,NA,NA,NA,"X",NA,NA,NA,NA,NA,NA,"X",NA,NA,NA,NA,NA,NA,NA,NA,NA,NA,NA,NA,NA,NA,NA,"X","X","X","X","X","X","X","X","X","X","X","X","15",0,0,0,2,1,0,8,4
"East Germany",NA,NA,NA,NA,NA,NA,NA,NA,NA,NA,NA,NA,NA,NA,NA,NA,NA,"X",NA,NA,"N","X",NA,NA,"X",NA,NA,"X",NA,NA,NA,NA,NA,NA,NA,NA,NA,NA,NA,NA,NA,NA,NA,NA,NA,NA,NA,NA,NA,NA,NA,NA,NA,NA,NA,NA,NA,NA,NA,NA,NA,NA,NA,NA,NA,NA,NA,"5",0,0,3,2,0,0,0,0
"Ecuador",NA,NA,NA,NA,NA,NA,NA,NA,NA,NA,NA,NA,NA,NA,NA,NA,NA,NA,NA,NA,NA,NA,NA,NA,NA,NA,NA,NA,NA,NA,NA,NA,NA,NA,NA,NA,NA,NA,NA,NA,NA,NA,NA,NA,"X",NA,NA,NA,"X",NA,NA,NA,NA,NA,NA,NA,NA,"X","X",NA,"X","X","X","X","X","X","X","11",0,0,0,0,0,2,5,4
"Egypt",NA,NA,"X","X","X","X","X",NA,"X","X","X",NA,NA,NA,"X","X","X","X","X","X","X",NA,NA,"X",NA,"X",NA,NA,NA,NA,NA,NA,NA,NA,"X",NA,NA,NA,"X",NA,NA,"X",NA,NA,NA,NA,"X","X","X",NA,"X","X","X",NA,"X","X",NA,"X","X",NA,"X","X","X","X","X","X",NA,"36",1,7,7,2,3,6,7,3
"Estonia",NA,NA,NA,NA,NA,NA,NA,NA,NA,NA,NA,NA,NA,NA,NA,NA,NA,NA,NA,NA,NA,NA,NA,NA,NA,NA,NA,NA,NA,NA,NA,NA,NA,NA,NA,NA,"X",NA,NA,NA,NA,NA,NA,NA,NA,"X",NA,NA,"X","X",NA,"X","X","X","X","X","X","X","N","X","X","X","X","S","X","X","X","20",0,0,0,0,1,5,10,4
"Ethiopia",NA,NA,NA,NA,NA,NA,NA,NA,NA,NA,NA,NA,NA,NA,NA,NA,NA,NA,NA,NA,NA,NA,NA,NA,NA,NA,NA,NA,NA,NA,NA,NA,NA,NA,NA,NA,NA,NA,NA,NA,NA,NA,NA,NA,NA,NA,NA,NA,NA,NA,NA,NA,NA,NA,"X",NA,NA,NA,"X","X",NA,NA,NA,"X",NA,NA,NA,"4",0,0,0,0,0,0,3,1
"FR Yugoslavia",NA,NA,NA,NA,NA,NA,NA,NA,NA,NA,NA,NA,NA,NA,NA,NA,NA,NA,NA,NA,NA,NA,NA,NA,NA,NA,NA,NA,NA,NA,NA,NA,NA,NA,NA,NA,NA,NA,NA,NA,NA,NA,NA,NA,NA,"X",NA,NA,NA,NA,NA,NA,NA,NA,NA,NA,NA,NA,NA,NA,NA,NA,NA,NA,NA,NA,NA,"1",0,0,0,0,0,1,0,0
"Fiji",NA,NA,NA,NA,NA,NA,NA,NA,NA,NA,NA,NA,NA,NA,NA,NA,NA,NA,NA,NA,NA,NA,NA,NA,NA,NA,NA,NA,NA,NA,NA,NA,NA,NA,NA,NA,NA,NA,NA,NA,NA,NA,NA,NA,NA,NA,NA,NA,NA,"X",NA,NA,NA,NA,NA,NA,NA,NA,NA,NA,NA,NA,NA,NA,NA,NA,NA,"1",0,0,0,0,0,1,0,0
"Finland",NA,NA,NA,NA,NA,NA,NA,NA,NA,NA,NA,NA,NA,NA,NA,NA,NA,"X",NA,NA,NA,NA,NA,NA,"X","X",NA,NA,"X",NA,"X","X",NA,NA,"X",NA,NA,"X",NA,"X","WD","X","X","X","X","X","N","X","X","X","WD","X","X","X","X","X","X","X","X","S","X","X","X","X","X","S","X","36",0,0,1,5,6,10,10,4
"France","N","N","W","W","N","X","W","X","N","X","W","N","N","N","N","X","W","W","N","X","N","W","W","N","N","X","N","N","X","N","N","N","X","N","N","X","W","X","X","X","N","X","X","N","N","N","X","X","N","N","S","X","N","N","X","X","S","X","X","N","X","X","X","N","S","X","S","67",3,10,10,10,10,10,10,4
"Georgia",NA,NA,NA,NA,NA,NA,NA,NA,NA,NA,NA,NA,NA,NA,NA,NA,NA,NA,NA,NA,NA,NA,NA,NA,NA,NA,NA,NA,NA,NA,NA,NA,NA,NA,NA,NA,NA,NA,NA,NA,"N",NA,NA,"X","X","X",NA,NA,NA,"X",NA,"X","X","X","X","X","X","X","S","X","X","X","X","X","X","X","X","21",0,0,0,0,1,6,10,4
"Germany",NA,NA,NA,NA,NA,NA,NA,NA,NA,NA,NA,NA,NA,NA,NA,NA,NA,NA,NA,NA,NA,NA,NA,NA,NA,NA,NA,NA,NA,NA,NA,NA,NA,NA,"N",NA,"N","X","X","X","X","N","X","X","X","X","W","X","N","N","W","X","N","N","X","S","X","S","X","S","N","S","N","X","X","S","W","32",0,0,0,0,8,10,10,4
"Ghana",NA,NA,NA,NA,NA,NA,NA,NA,NA,NA,NA,NA,NA,NA,NA,NA,NA,NA,NA,NA,NA,NA,NA,NA,NA,NA,NA,NA,NA,NA,NA,NA,NA,NA,NA,NA,NA,NA,NA,NA,NA,NA,NA,NA,NA,NA,NA,NA,NA,NA,NA,NA,NA,NA,NA,NA,NA,NA,NA,NA,NA,NA,NA,"X",NA,NA,NA,"1",0,0,0,0,0,0,0,1
"Greece",NA,"X",NA,NA,NA,NA,"N","N","X","N","X",NA,"X","X",NA,NA,NA,NA,NA,"X",NA,"N",NA,NA,NA,"X","X",NA,NA,NA,NA,"X","X","X","X",NA,NA,NA,NA,"X",NA,"X","X","X","X","X","X","X","X","D","X","X","X","X","N","X","X","X","X","X","X","X","X","X","X","X","X","43",1,6,3,4,5,10,10,4
"Greenland",NA,NA,NA,NA,NA,NA,NA,NA,NA,NA,NA,NA,NA,NA,NA,NA,NA,NA,NA,NA,NA,NA,NA,NA,NA,NA,NA,NA,NA,NA,NA,NA,NA,NA,NA,NA,NA,NA,NA,NA,NA,NA,NA,NA,NA,NA,NA,NA,NA,NA,NA,NA,NA,NA,"X",NA,"X",NA,NA,NA,NA,NA,NA,NA,NA,NA,NA,"2",0,0,0,0,0,0,2,0
"Guatemala",NA,NA,NA,NA,NA,NA,NA,NA,NA,NA,NA,NA,NA,NA,NA,NA,NA,NA,NA,NA,NA,NA,NA,NA,NA,NA,NA,NA,NA,NA,NA,NA,NA,NA,NA,NA,NA,NA,"X",NA,NA,NA,NA,NA,NA,NA,NA,NA,NA,NA,NA,NA,NA,NA,NA,NA,NA,NA,NA,"X",NA,NA,NA,NA,"S",NA,"X","4",0,0,0,0,1,0,1,2
"Haiti",NA,NA,NA,NA,NA,NA,NA,NA,NA,NA,NA,NA,NA,NA,NA,NA,NA,NA,NA,NA,NA,NA,NA,NA,NA,NA,NA,NA,NA,NA,NA,NA,NA,NA,NA,NA,NA,NA,NA,NA,NA,NA,NA,NA,NA,NA,NA,NA,NA,NA,NA,NA,NA,NA,NA,NA,NA,NA,NA,NA,NA,"X",NA,NA,NA,"X",NA,"2",0,0,0,0,0,0,1,1
"Honduras",NA,NA,NA,NA,NA,NA,NA,NA,NA,NA,NA,NA,NA,NA,NA,NA,NA,NA,NA,NA,NA,NA,NA,NA,NA,NA,NA,NA,NA,NA,NA,NA,NA,NA,NA,NA,NA,NA,NA,NA,NA,NA,NA,NA,NA,NA,NA,NA,NA,NA,NA,NA,NA,NA,NA,NA,NA,NA,NA,NA,NA,"X",NA,"X","X",NA,NA,"3",0,0,0,0,0,0,1,2
"Hong Kong",NA,NA,NA,"X","X",NA,NA,"X","X",NA,"X",NA,NA,"X",NA,NA,NA,NA,NA,NA,"X",NA,NA,"X",NA,NA,NA,NA,"X",NA,NA,NA,NA,"X","X","N",NA,"N","X","X","X",NA,"X","X","X","X","D","X","D","X","X","X","X","X","X","X","X","S","X","X","X","X","X","X","N","X","X","41",0,5,2,2,8,10,10,4
"Hungary",NA,NA,NA,NA,NA,NA,NA,NA,NA,"X","X","X","N","X","X","X","X","X","N","X","X","X","N","X","N","W","X","N","X","N","X","X","N","X","X","X","X","X","X","X","X","X","X","X","X","X","X","X","X","X","X","X","X","X","X","X","X","S","X","W","X","N","X","S","X","X","X","58",0,4,10,10,10,10,10,4
"Iceland",NA,NA,NA,NA,NA,NA,NA,NA,NA,NA,NA,NA,NA,NA,NA,NA,NA,NA,NA,NA,NA,NA,NA,NA,"X","X","X","X","X","X","X","X","X","X","X","N","X","X","X","X","X","X","X","X","X","X","X","X","X","X","X","X","X","X","X","X","S","X","X","X","X","X","X","X","X","S","X","43",0,0,0,9,10,10,10,4
"India",NA,"N","X","X","X","X","X","X",NA,"X","X","X","X","X",NA,"X","X","X","X",NA,NA,"X","X",NA,"X",NA,NA,NA,"X","X","X","X","N","X","X","X","X","X","X","X","X",NA,"X","X","X","N","X",NA,"X","X","X","X","X","X","X","X","X","X","X","X","X","X","X","X","X","X","S","56",2,9,7,6,9,9,10,4
"Indonesia",NA,NA,NA,NA,NA,NA,NA,NA,NA,NA,NA,NA,NA,NA,NA,NA,NA,NA,NA,NA,NA,NA,NA,NA,NA,NA,NA,NA,NA,NA,NA,"X",NA,"X","X",NA,"X",NA,NA,NA,NA,NA,"X","X",NA,NA,"X","X",NA,"X","X","X",NA,"X","X","X","X","X","X",NA,"X","X","X","X","X","X","X","24",0,0,0,1,4,6,9,4
"Iran",NA,NA,NA,NA,NA,NA,NA,NA,NA,NA,NA,NA,NA,NA,NA,NA,NA,NA,NA,NA,NA,"X",NA,NA,NA,NA,NA,NA,NA,NA,NA,NA,NA,NA,NA,NA,NA,NA,"X","X",NA,"X","N","X","X","X","X","X","X","X","X","X","X","X","X","W",NA,"X","X","X","W","X","X","X","S","S","X","28",0,0,1,0,4,10,9,4
"Iraq",NA,NA,NA,NA,NA,NA,NA,NA,NA,NA,NA,NA,NA,NA,NA,NA,NA,NA,NA,NA,NA,NA,NA,NA,NA,NA,NA,NA,NA,NA,NA,NA,NA,NA,NA,NA,NA,NA,NA,NA,NA,NA,NA,NA,NA,NA,NA,NA,NA,"X","X","X",NA,NA,"X",NA,NA,NA,"X","X","X","X","X",NA,NA,"X","X","11",0,0,0,0,0,3,6,2
"Ireland",NA,NA,NA,NA,NA,NA,NA,NA,NA,NA,NA,NA,NA,NA,NA,NA,NA,NA,NA,NA,NA,NA,NA,NA,NA,NA,NA,NA,NA,NA,NA,NA,NA,NA,NA,NA,NA,NA,NA,NA,NA,NA,NA,NA,NA,NA,NA,NA,NA,NA,NA,"X",NA,NA,NA,"X",NA,NA,"X","S",NA,"X",NA,"X","X","X","N","9",0,0,0,0,0,1,4,4
"Israel",NA,NA,NA,NA,NA,NA,NA,NA,"N","X","X",NA,"X","X",NA,"N","N","N",NA,"X",NA,"N","X","X","X","X","X","X","N","X","X","X","X","X","X","X","X","X","X","X","X","X","X","X","X","X","X","X","X","X","X","N","N","N","X","N","X","X","X","X","X","S","X","X","X","X","X","55",0,4,7,10,10,10,10,4
"Italy","W","W","N","N","N","X","N","W","W","N","N","X","N","X","W","W","X",NA,"W","N","N","N","N","N","X","N","X","X","X","X","X","N","X","W","N","W","X","X","X","N","X","X","W","X","X","X","X","X","X","N","X","S","X","X","X","X","X","W","X","X","X","X","X","X","X","N","X","66",3,10,9,10,10,10,10,4
"Ivory Coast",NA,NA,NA,NA,NA,NA,NA,NA,NA,NA,NA,NA,NA,NA,NA,NA,NA,NA,NA,NA,"W",NA,NA,NA,NA,NA,NA,NA,NA,NA,NA,NA,NA,NA,NA,NA,NA,NA,NA,NA,NA,NA,NA,NA,NA,NA,NA,NA,NA,NA,NA,NA,NA,NA,NA,NA,NA,NA,NA,"X",NA,NA,NA,NA,"S",NA,NA,"3",0,0,1,0,0,0,1,1
"Japan","N","X","X","X","X","N","X","N","N","N","X","N","X","X","X","N","X","X","X","N",NA,"X","X","X","N","N","X","X","X","X","X","X","X","X","X","X","X","X","X","X","X","X","X","X","X","X","X","N","X","X","X","X","W","X","S","X","X","X","X","X","X","X","N","X","X","W","X","66",3,10,9,10,10,10,10,4
"Jordan",NA,NA,NA,NA,NA,NA,NA,NA,NA,NA,NA,NA,NA,NA,NA,NA,NA,NA,NA,NA,NA,NA,NA,NA,NA,NA,NA,NA,NA,NA,NA,NA,NA,NA,NA,NA,NA,NA,NA,NA,NA,NA,NA,NA,NA,NA,NA,NA,NA,NA,NA,NA,"X",NA,NA,NA,NA,NA,NA,"N","X",NA,NA,NA,"X","WD","X","6",0,0,0,0,0,1,2,3
"Kazakhstan",NA,NA,NA,NA,NA,NA,NA,NA,NA,NA,NA,NA,NA,NA,NA,NA,NA,NA,NA,NA,NA,NA,NA,NA,NA,NA,NA,NA,NA,NA,NA,NA,NA,NA,NA,NA,"X",NA,NA,NA,NA,NA,NA,NA,NA,NA,NA,NA,NA,NA,"X","N","X","S","X","X","X","X",NA,"X","X","X","S","X","X","X","X","17",0,0,0,0,1,3,9,4
"Kenya",NA,NA,NA,NA,NA,NA,NA,NA,NA,NA,NA,NA,NA,NA,NA,NA,NA,NA,NA,NA,NA,NA,NA,NA,NA,NA,NA,NA,NA,NA,NA,NA,NA,NA,NA,NA,NA,NA,NA,NA,NA,NA,NA,NA,NA,NA,NA,NA,NA,NA,NA,NA,NA,NA,NA,NA,"X",NA,NA,NA,NA,"X","X","X","X","X","X","7",0,0,0,0,0,0,3,4
"Kosovo",NA,NA,NA,NA,NA,NA,NA,NA,NA,NA,NA,NA,NA,NA,NA,NA,NA,NA,NA,NA,NA,NA,NA,NA,NA,NA,NA,NA,NA,NA,NA,NA,NA,NA,NA,NA,NA,NA,NA,NA,NA,NA,NA,NA,NA,NA,NA,NA,NA,NA,NA,NA,NA,NA,NA,NA,NA,NA,"X","X","X","X","X","X","X","S","X","9",0,0,0,0,0,0,5,4
"Kuwait",NA,NA,NA,NA,NA,NA,NA,NA,NA,NA,NA,NA,NA,NA,NA,NA,"X",NA,NA,NA,NA,NA,"X",NA,NA,NA,NA,NA,NA,NA,NA,NA,NA,NA,NA,NA,NA,NA,NA,NA,NA,NA,NA,NA,NA,NA,NA,NA,NA,NA,NA,NA,NA,NA,NA,NA,NA,NA,NA,NA,NA,NA,NA,NA,NA,NA,NA,"2",0,0,2,0,0,0,0,0
"Kyrgyzstan",NA,NA,NA,NA,NA,NA,NA,NA,NA,NA,NA,NA,NA,NA,NA,NA,NA,NA,NA,NA,NA,NA,NA,NA,NA,NA,NA,NA,NA,NA,NA,NA,NA,NA,NA,NA,NA,NA,NA,NA,NA,NA,"X",NA,NA,"X",NA,NA,NA,NA,"X",NA,"X",NA,"X",NA,"X",NA,"X","X","X","X","NL","X","X","X","X","15",0,0,0,0,1,3,7,4
"Laos",NA,NA,NA,NA,NA,NA,NA,NA,NA,NA,NA,NA,NA,NA,NA,NA,NA,NA,NA,NA,NA,NA,NA,NA,NA,NA,NA,NA,NA,NA,NA,NA,NA,NA,NA,NA,NA,NA,NA,NA,NA,NA,NA,NA,NA,NA,NA,NA,NA,NA,NA,NA,NA,NA,NA,NA,NA,NA,NA,NA,NA,"X",NA,NA,NA,NA,NA,"1",0,0,0,0,0,0,1,0
"Latvia",NA,NA,NA,NA,NA,NA,NA,NA,NA,NA,NA,NA,NA,NA,NA,NA,NA,NA,NA,NA,NA,NA,NA,NA,NA,NA,NA,NA,NA,NA,NA,NA,NA,NA,NA,NA,"X",NA,NA,NA,NA,NA,NA,NA,NA,NA,NA,NA,NA,NA,NA,NA,"X",NA,"X",NA,"X","X","X","X","X","X","X","X","X","X",NA,"13",0,0,0,0,1,1,8,3
"Lebanon",NA,NA,NA,NA,NA,NA,NA,NA,NA,NA,NA,NA,NA,NA,NA,NA,NA,NA,NA,NA,NA,NA,"X",NA,NA,NA,NA,NA,NA,NA,NA,NA,NA,NA,NA,NA,NA,NA,NA,NA,NA,NA,"X","X",NA,NA,"X","X",NA,NA,"X","X","X",NA,NA,"X",NA,"X","X","X","X","N","N","X","X","X","X","19",0,0,1,0,1,6,7,4
"Lesotho",NA,NA,NA,NA,NA,NA,NA,NA,NA,NA,NA,NA,NA,NA,NA,NA,NA,NA,NA,NA,NA,NA,NA,NA,NA,NA,NA,NA,NA,NA,NA,NA,NA,NA,NA,NA,NA,NA,NA,NA,NA,NA,NA,NA,NA,NA,NA,NA,NA,NA,NA,NA,NA,NA,NA,NA,NA,NA,NA,NA,NA,NA,NA,NA,"X",NA,NA,"1",0,0,0,0,0,0,0,1
"Lithuania",NA,NA,NA,NA,NA,NA,NA,NA,NA,NA,NA,NA,NA,NA,NA,NA,NA,NA,NA,NA,NA,NA,NA,NA,NA,NA,NA,NA,NA,NA,NA,NA,NA,NA,NA,NA,NA,NA,NA,NA,NA,NA,NA,NA,NA,NA,NA,NA,NA,NA,"X",NA,"X","X",NA,"X","X","X","X","X","X","X","X","X","X","X","X","15",0,0,0,0,0,2,9,4
"Luxembourg",NA,NA,NA,NA,NA,NA,NA,NA,NA,NA,NA,NA,NA,NA,NA,NA,NA,NA,NA,NA,NA,NA,NA,NA,NA,NA,NA,NA,NA,NA,NA,NA,NA,NA,NA,NA,NA,NA,NA,NA,NA,"X","X",NA,NA,NA,"X","X",NA,"X","D","X","X","X",NA,NA,NA,"X","X","X","X","X","X","X","X","X","X","19",0,0,0,0,2,6,7,4
"Macedonia",NA,NA,NA,NA,NA,NA,NA,NA,NA,NA,NA,NA,NA,NA,NA,NA,NA,NA,NA,NA,NA,NA,NA,NA,NA,NA,NA,NA,NA,NA,NA,NA,NA,NA,NA,NA,NA,NA,"N",NA,NA,"X","X",NA,NA,NA,NA,NA,"X",NA,"X","X","X","X","X","X","X",NA,"X","X","X",NA,"X",NA,NA,NA,NA,"15",0,0,0,0,3,4,8,0
"Malawi",NA,NA,NA,NA,NA,NA,NA,NA,NA,NA,NA,NA,NA,NA,NA,NA,NA,NA,NA,NA,NA,NA,NA,NA,NA,NA,NA,NA,NA,NA,NA,NA,NA,NA,NA,NA,NA,NA,NA,NA,NA,NA,NA,NA,NA,NA,NA,NA,NA,NA,NA,NA,NA,NA,NA,NA,NA,NA,NA,NA,NA,NA,"X",NA,NA,"X",NA,"2",0,0,0,0,0,0,1,1
"Malaysia",NA,NA,NA,NA,NA,NA,NA,NA,NA,NA,NA,NA,NA,NA,NA,NA,NA,NA,NA,NA,NA,NA,NA,NA,NA,NA,NA,NA,NA,NA,NA,NA,NA,NA,NA,NA,NA,NA,NA,NA,NA,NA,NA,NA,NA,NA,NA,NA,"X",NA,NA,NA,NA,NA,NA,NA,"X",NA,NA,"X","X",NA,NA,"X","X","X",NA,"7",0,0,0,0,0,1,3,3
"Malta",NA,NA,NA,NA,NA,NA,NA,NA,NA,NA,NA,NA,NA,NA,NA,NA,NA,NA,NA,NA,NA,NA,NA,NA,NA,NA,NA,NA,NA,NA,NA,NA,NA,NA,NA,NA,NA,NA,NA,NA,NA,NA,NA,NA,NA,NA,NA,NA,NA,NA,NA,NA,NA,NA,NA,NA,NA,NA,"X",NA,NA,NA,NA,NA,NA,"X","NL","3",0,0,0,0,0,0,1,2
"Mauritania",NA,NA,NA,NA,NA,NA,NA,NA,NA,NA,NA,NA,NA,NA,NA,NA,NA,NA,NA,NA,NA,NA,NA,NA,NA,NA,NA,NA,NA,NA,NA,NA,NA,NA,NA,NA,NA,NA,NA,NA,NA,NA,NA,NA,NA,NA,NA,NA,NA,NA,NA,NA,NA,NA,NA,NA,NA,NA,"N",NA,NA,NA,NA,NA,NA,NA,NA,"1",0,0,0,0,0,0,1,0
"Mexico",NA,"X",NA,"X","N","N","N","X",NA,"X","X","X",NA,NA,NA,"X",NA,"X","X","N","X","X","X",NA,NA,"X",NA,"X",NA,"X","X","X","X",NA,"X","X","X","X","X","X","X","X","X","X","N","X","N","X","X","X","N","X","S","X","N","X","X","X","X","X","X","X","W","X","S","S","S","55",1,8,7,6,9,10,10,4
"Moldova",NA,NA,NA,NA,NA,NA,NA,NA,NA,NA,NA,NA,NA,NA,NA,NA,NA,NA,NA,NA,NA,NA,NA,NA,NA,NA,NA,NA,NA,NA,NA,NA,NA,NA,NA,NA,NA,NA,NA,NA,NA,NA,NA,NA,NA,NA,NA,NA,NA,NA,NA,NA,NA,NA,NA,NA,NA,"X","X",NA,NA,NA,NA,NA,NA,NA,"X","3",0,0,0,0,0,0,2,1
"Mongolia",NA,NA,NA,NA,NA,NA,NA,NA,NA,NA,NA,NA,NA,NA,NA,NA,NA,NA,NA,NA,NA,NA,NA,NA,NA,NA,NA,NA,NA,NA,NA,NA,NA,NA,NA,NA,NA,NA,NA,NA,NA,NA,NA,NA,NA,NA,NA,"X",NA,"X",NA,NA,NA,"D",NA,NA,NA,NA,NA,NA,NA,"X",NA,"X","X",NA,"X","7",0,0,0,0,0,2,2,3
"Montenegro",NA,NA,NA,NA,NA,NA,NA,NA,NA,NA,NA,NA,NA,NA,NA,NA,NA,NA,NA,NA,NA,NA,NA,NA,NA,NA,NA,NA,NA,NA,NA,NA,NA,NA,NA,NA,NA,NA,NA,NA,NA,NA,NA,NA,NA,NA,NA,NA,NA,NA,NA,NA,NA,NA,NA,NA,NA,"X","X","X","X",NA,"X","X","X","X","X","9",0,0,0,0,0,0,5,4
"Morocco",NA,NA,NA,NA,NA,NA,NA,NA,NA,NA,NA,NA,NA,NA,NA,NA,NA,NA,NA,NA,NA,"X",NA,NA,NA,NA,NA,NA,NA,NA,NA,NA,NA,NA,NA,NA,NA,NA,NA,NA,NA,NA,"X",NA,"X",NA,NA,NA,NA,NA,"X",NA,"X","X",NA,"S","X","X","X","X","X","X","X","X","X","X","S","18",0,0,1,0,1,3,9,4
"Mozambique",NA,NA,NA,NA,NA,NA,NA,NA,NA,NA,NA,NA,NA,NA,NA,NA,NA,NA,NA,NA,NA,NA,NA,NA,NA,NA,NA,NA,NA,NA,NA,NA,NA,NA,NA,NA,NA,NA,NA,NA,NA,NA,NA,NA,NA,NA,NA,NA,NA,NA,NA,NA,NA,NA,NA,NA,NA,NA,NA,NA,NA,"X",NA,NA,NA,NA,NA,"1",0,0,0,0,0,0,1,0
"Nepal",NA,NA,NA,NA,NA,NA,NA,NA,NA,NA,NA,NA,NA,NA,NA,NA,NA,NA,NA,NA,NA,NA,NA,NA,NA,NA,NA,NA,NA,NA,NA,NA,NA,NA,NA,NA,NA,NA,NA,NA,NA,NA,NA,"N","X",NA,NA,"X",NA,NA,"X",NA,NA,NA,NA,NA,NA,"X","X","X","X","X","X","X",NA,NA,"X","12",0,0,0,0,0,4,6,2
"Netherlands",NA,NA,NA,"N",NA,NA,NA,"X","X",NA,NA,NA,NA,"X",NA,"X",NA,"N","X","X","X","X","X","X","X","X","X","X","X","X","W","X","D","X","X","X","X","X","X","W","X","W","X","X","X","X","N","N","X","D","S","X","X","S","X","X","X","X","S","X","X","X","X","X","X","X","X","55",0,3,8,10,10,10,10,4
"New Zealand",NA,NA,NA,NA,NA,NA,NA,NA,NA,NA,NA,NA,NA,NA,NA,NA,NA,NA,NA,NA,NA,NA,NA,NA,NA,NA,NA,NA,NA,NA,NA,NA,NA,NA,NA,NA,NA,NA,NA,NA,NA,NA,NA,NA,NA,NA,NA,NA,NA,NA,NA,NA,NA,NA,NA,"X",NA,"X","X",NA,"X","X","X",NA,NA,NA,"X","7",0,0,0,0,0,0,6,1
"Nicaragua",NA,NA,NA,NA,NA,NA,NA,NA,NA,NA,NA,NA,NA,NA,NA,NA,NA,NA,NA,NA,NA,NA,NA,NA,NA,NA,"N",NA,NA,NA,NA,NA,"X",NA,NA,NA,NA,NA,NA,NA,NA,NA,NA,NA,NA,NA,NA,NA,NA,NA,NA,NA,NA,NA,"X",NA,NA,NA,NA,NA,NA,NA,NA,NA,NA,NA,NA,"3",0,0,0,2,0,0,1,0
"Niger",NA,NA,NA,NA,NA,NA,NA,NA,NA,NA,NA,NA,NA,NA,NA,NA,NA,NA,NA,NA,NA,NA,NA,NA,NA,NA,NA,NA,NA,NA,NA,NA,NA,NA,NA,NA,NA,NA,NA,NA,NA,NA,NA,NA,NA,NA,NA,NA,NA,NA,NA,NA,NA,NA,NA,NA,NA,NA,NA,NA,NA,NA,"X",NA,NA,NA,NA,"1",0,0,0,0,0,0,1,0
"Nigeria",NA,NA,NA,NA,NA,NA,NA,NA,NA,NA,NA,NA,NA,NA,NA,NA,NA,NA,NA,NA,NA,NA,NA,NA,NA,NA,NA,NA,NA,NA,NA,NA,NA,NA,NA,NA,NA,NA,NA,NA,NA,NA,NA,NA,NA,NA,NA,NA,NA,NA,NA,NA,NA,NA,NA,NA,NA,NA,NA,NA,NA,NA,NA,"D","X",NA,NA,"2",0,0,0,0,0,0,0,2
"North Macedonia",NA,NA,NA,NA,NA,NA,NA,NA,NA,NA,NA,NA,NA,NA,NA,NA,NA,NA,NA,NA,NA,NA,NA,NA,NA,NA,NA,NA,NA,NA,NA,NA,NA,NA,NA,NA,NA,NA,NA,NA,NA,NA,NA,NA,NA,NA,NA,NA,NA,NA,NA,NA,NA,NA,NA,NA,NA,NA,NA,NA,NA,NA,NA,"N","X","X","X","4",0,0,0,0,0,0,0,4
"Norway",NA,"N",NA,NA,NA,NA,"X",NA,NA,NA,NA,NA,NA,NA,NA,NA,NA,NA,NA,NA,NA,NA,NA,NA,"X","X","X",NA,"X","X","X","N","X","X","X","X","X","X","X","X","N","X","X","X","X","N","X","X","X","X","X","X","X","X","X","X","N","X","X","X","S","X","X","X","S","N","X","44",1,1,0,8,10,10,10,4
"Pakistan",NA,NA,NA,"X",NA,NA,NA,"X",NA,NA,NA,NA,NA,NA,NA,NA,NA,NA,NA,NA,NA,NA,NA,NA,NA,NA,NA,NA,NA,NA,NA,NA,NA,NA,NA,NA,NA,NA,NA,NA,NA,NA,NA,NA,NA,NA,NA,NA,NA,NA,NA,NA,NA,NA,NA,NA,NA,"X","X","X","X","X","X","X","X",NA,"S","11",0,2,0,0,0,0,6,3
"Palestine",NA,NA,NA,NA,NA,NA,NA,NA,NA,NA,NA,NA,NA,NA,NA,NA,NA,NA,NA,NA,NA,NA,NA,NA,NA,NA,NA,NA,NA,NA,NA,NA,NA,NA,NA,NA,NA,NA,NA,NA,NA,NA,NA,NA,NA,NA,NA,"X","X","N",NA,NA,"X",NA,NA,NA,"X","N","X","X","X","X","X","X","X","X","X","15",0,0,0,0,0,4,7,4
"Panama",NA,NA,NA,NA,NA,NA,NA,NA,NA,NA,NA,NA,NA,NA,NA,NA,NA,NA,NA,NA,NA,NA,NA,NA,NA,NA,NA,NA,NA,NA,NA,NA,NA,NA,NA,NA,NA,NA,NA,NA,NA,NA,NA,NA,NA,NA,NA,NA,NA,NA,NA,NA,NA,NA,NA,NA,NA,NA,"X","NL","X","X","X","X","X","S","X","9",0,0,0,0,0,0,5,4
"Paraguay",NA,NA,NA,NA,NA,NA,NA,NA,NA,NA,NA,NA,NA,NA,NA,NA,NA,NA,NA,NA,NA,NA,NA,NA,NA,NA,NA,NA,NA,NA,NA,NA,NA,NA,NA,NA,NA,NA,NA,NA,NA,NA,NA,NA,NA,NA,NA,NA,NA,NA,NA,NA,NA,NA,NA,NA,NA,NA,NA,"X",NA,"X","X",NA,"X","X","X","6",0,0,0,0,0,0,3,3
"Peru",NA,NA,NA,NA,NA,NA,NA,NA,NA,NA,NA,"X",NA,"X",NA,NA,"X",NA,NA,NA,NA,NA,NA,NA,NA,NA,NA,"X",NA,"X",NA,NA,"X",NA,"X","X",NA,"X","X",NA,NA,NA,NA,"X",NA,NA,NA,"X",NA,"X","X","X",NA,"N","X","X","X","X","X","X","X","X","X","X","X","X","X","29",0,1,2,3,4,5,10,4
"Philippines","X",NA,NA,NA,NA,"X",NA,NA,NA,NA,NA,"X",NA,NA,NA,NA,NA,NA,NA,NA,"X",NA,NA,NA,NA,NA,NA,NA,"X","X",NA,NA,NA,NA,NA,NA,NA,NA,NA,"X","X","X","X","X","X","X","X","X","X",NA,"X","X","X","X","X","X","X","X","X","X","X","X","X","X","X",NA,"X","32",1,2,1,2,4,9,10,3
"Poland",NA,NA,NA,NA,NA,NA,NA,"N","X",NA,"N",NA,"X","X","X","X","X","X","N","N","N","X","X","N","X","N",NA,NA,NA,"X","X","X","X","X","X","X","X","X","X","X","X","X",NA,"X","X","X","X","X","X","X","X","N","X","X","X","N","X","X","W","X","X","X","N","N","X","X","N","54",0,4,10,7,9,10,10,4
"Portugal",NA,NA,NA,NA,NA,NA,NA,NA,NA,NA,NA,NA,NA,NA,NA,NA,NA,NA,NA,NA,NA,NA,NA,NA,"X",NA,"X","X","X","X",NA,NA,"X","X","X","X","X","X","X","X",NA,"X","X","X","X","X","X","X","X","X","X","X","X","X","X","X","X","X","X","X","X","X","X","X","X","X","X","39",0,0,0,6,9,10,10,4
"Puerto Rico",NA,NA,NA,NA,NA,NA,NA,NA,NA,NA,NA,NA,NA,NA,NA,NA,NA,NA,NA,NA,NA,NA,NA,NA,NA,NA,NA,NA,NA,NA,"X",NA,"X","N",NA,NA,NA,NA,"X",NA,NA,NA,"X",NA,NA,"X",NA,NA,NA,"X","X","X",NA,"X","X","D",NA,NA,NA,NA,NA,NA,NA,NA,NA,NA,NA,"12",0,0,0,2,3,4,3,0
"Romania",NA,NA,NA,NA,NA,NA,NA,NA,NA,NA,"X",NA,"X","X",NA,"X",NA,"X",NA,NA,"X",NA,NA,NA,NA,NA,NA,"X","X","X","X",NA,NA,"X","X",NA,"X","X","X",NA,"X",NA,"X","X",NA,NA,"X",NA,"X","X","X","X","X","X","X","X","S","X","X","X","X","X","X","X","N","X","X","38",0,2,4,4,7,7,10,4
"Russia",NA,NA,NA,NA,NA,NA,NA,NA,NA,NA,NA,NA,NA,NA,NA,NA,NA,NA,NA,NA,NA,NA,NA,NA,NA,NA,NA,NA,NA,NA,NA,NA,NA,NA,NA,NA,"N",NA,"W","X","N","N","D","X","X","X","X","X","X","X","X","N","X","X","X","X","X","X","N","X","S","N","X","S","S","X",NA,"29",0,0,0,0,6,10,10,3
"Saudi Arabia",NA,NA,NA,NA,NA,NA,NA,NA,NA,NA,NA,NA,NA,NA,NA,NA,NA,NA,NA,NA,NA,NA,NA,NA,NA,NA,NA,NA,NA,NA,NA,NA,NA,NA,NA,NA,NA,NA,NA,NA,NA,NA,NA,NA,NA,NA,NA,NA,NA,NA,NA,NA,NA,NA,NA,NA,NA,"X",NA,NA,"X",NA,NA,"X","X","X","X","6",0,0,0,0,0,0,2,4
"Senegal",NA,NA,NA,NA,NA,NA,NA,NA,NA,NA,NA,NA,NA,NA,NA,NA,NA,NA,NA,NA,NA,NA,NA,NA,NA,NA,NA,NA,NA,NA,NA,NA,NA,NA,NA,NA,NA,NA,NA,NA,NA,NA,NA,NA,NA,NA,NA,NA,NA,NA,NA,NA,NA,NA,NA,NA,NA,NA,NA,NA,NA,"S",NA,"S","X",NA,"X","4",0,0,0,0,0,0,1,3
"Serbia",NA,NA,NA,NA,NA,NA,NA,NA,NA,NA,NA,NA,NA,NA,NA,NA,NA,NA,NA,NA,NA,NA,NA,NA,NA,NA,NA,NA,NA,NA,NA,NA,NA,NA,NA,NA,NA,NA,"X","X","X","X","X","X","X",NA,"X",NA,NA,NA,"X","S","X","X","X","X","X","X","X","X","X","X","X","X","X","X","X","25",0,0,0,0,5,6,10,4
"Serbia and Montenegro",NA,NA,NA,NA,NA,NA,NA,NA,NA,NA,NA,NA,NA,NA,NA,NA,NA,NA,NA,NA,NA,NA,NA,NA,NA,NA,NA,NA,NA,NA,NA,NA,NA,NA,NA,NA,NA,NA,NA,NA,NA,NA,NA,NA,NA,NA,NA,"X","X","X",NA,NA,NA,NA,NA,NA,NA,NA,NA,NA,NA,NA,NA,NA,NA,NA,NA,"3",0,0,0,0,0,3,0,0
"Singapore",NA,NA,NA,"X",NA,NA,NA,NA,NA,NA,NA,NA,NA,NA,NA,NA,NA,NA,NA,NA,NA,NA,NA,NA,NA,NA,NA,NA,NA,NA,NA,NA,NA,NA,NA,NA,NA,NA,NA,NA,NA,NA,NA,NA,NA,NA,NA,NA,NA,"D",NA,"X","X",NA,NA,"X","X","X","X","X","X","X","X","X","X","X","X","16",0,1,0,0,0,3,8,4
"Slovakia",NA,NA,NA,NA,NA,NA,NA,NA,NA,NA,NA,NA,NA,NA,NA,NA,NA,NA,NA,NA,NA,NA,NA,NA,NA,NA,NA,NA,NA,NA,NA,NA,NA,NA,NA,NA,NA,"X","X","X",NA,"X","X","X","X",NA,"X","X",NA,"X",NA,"X","X","X","X","X","X","X","X","X","X","X","X","X","X","X","X","26",0,0,0,0,5,7,10,4
"Slovenia",NA,NA,NA,NA,NA,NA,NA,NA,NA,NA,NA,NA,NA,NA,NA,NA,NA,NA,NA,NA,NA,NA,NA,NA,NA,NA,NA,NA,NA,NA,NA,NA,NA,NA,NA,NA,NA,"X","X",NA,"X","X",NA,NA,NA,"X","X","X","X","X","X","X","X","X","X","D","X","X","X","X","X","X","X","X","X","X","X","26",0,0,0,0,4,8,10,4
"Somalia",NA,NA,NA,NA,NA,NA,NA,NA,NA,NA,NA,NA,NA,NA,NA,NA,NA,NA,NA,NA,NA,NA,NA,NA,NA,NA,NA,NA,NA,NA,NA,NA,NA,NA,NA,NA,NA,NA,NA,NA,NA,NA,NA,NA,NA,NA,NA,NA,NA,NA,NA,NA,NA,NA,NA,NA,NA,NA,NA,NA,NA,NA,NA,NA,NA,"X",NA,"1",0,0,0,0,0,0,0,1
"South Africa",NA,NA,NA,NA,NA,NA,NA,NA,NA,NA,NA,NA,NA,NA,NA,NA,NA,NA,NA,NA,NA,NA,NA,NA,NA,NA,NA,NA,NA,NA,NA,NA,NA,"X",NA,NA,NA,NA,NA,NA,NA,"X",NA,NA,NA,NA,NA,NA,"N","W",NA,NA,"X","X","S","X","X","X","X","X","X","S","X","X","X","X",NA,"18",0,0,0,0,2,3,10,3
"South Korea",NA,NA,NA,NA,NA,NA,"X",NA,"X",NA,"X",NA,"X","X",NA,NA,NA,"X",NA,NA,NA,NA,NA,NA,NA,NA,NA,NA,"X","X","X",NA,NA,NA,"X",NA,NA,NA,"X","X",NA,NA,NA,NA,"X",NA,"X","X","X","X","X","X","X","X","X","X","X","X","X","X","X","X","S","W","X","X","S","34",0,4,2,3,3,8,10,4
"Soviet Union",NA,NA,NA,NA,NA,NA,NA,"X",NA,NA,NA,NA,"W","N",NA,"N","N","X","X","W","X","X","N","X","W","X","N","X","N","X","X","X","X","X","X","X",NA,NA,NA,NA,NA,NA,NA,NA,NA,NA,NA,NA,NA,NA,NA,NA,NA,NA,NA,NA,NA,NA,NA,NA,NA,NA,NA,NA,NA,NA,NA,"24",0,2,9,10,3,0,0,0
"Spain","X","X","N",NA,"X","N","X","N","X","X",NA,"N","X","X","N","X","N","X","X","X","X","N","X","N","N","X","W","N","N","X","X","N","N","X","X","X","X","W","X","X","X","N","N","W","X","X","X","X","W","X","S","X","X","X","S","X","X","X","X","X","X","X","X","N","X","S","X","65",3,8,10,10,10,10,10,4
"Sri Lanka",NA,NA,NA,NA,NA,NA,NA,NA,NA,NA,NA,NA,NA,NA,NA,NA,NA,NA,NA,NA,NA,NA,NA,NA,NA,NA,NA,NA,NA,NA,NA,NA,NA,NA,NA,NA,NA,NA,NA,NA,NA,NA,NA,NA,NA,NA,NA,"X",NA,NA,NA,NA,NA,"X",NA,NA,NA,NA,NA,NA,NA,NA,NA,NA,NA,NA,NA,"2",0,0,0,0,0,1,1,0
"Sudan",NA,NA,NA,NA,NA,NA,NA,NA,NA,NA,NA,NA,NA,NA,NA,NA,NA,NA,NA,NA,NA,NA,NA,NA,NA,NA,NA,NA,NA,NA,NA,NA,NA,NA,NA,NA,NA,NA,NA,NA,NA,NA,NA,NA,NA,NA,NA,NA,NA,NA,NA,NA,NA,NA,NA,NA,NA,NA,NA,NA,NA,NA,NA,NA,"X",NA,NA,"1",0,0,0,0,0,0,0,1
"Suriname",NA,NA,NA,NA,NA,NA,NA,NA,NA,NA,NA,NA,NA,NA,NA,NA,NA,NA,NA,NA,NA,NA,NA,NA,NA,NA,NA,NA,NA,NA,NA,NA,NA,NA,NA,NA,NA,NA,NA,NA,NA,NA,NA,NA,NA,NA,NA,NA,NA,NA,NA,NA,NA,NA,NA,NA,NA,NA,NA,NA,NA,NA,NA,NA,"X",NA,NA,"1",0,0,0,0,0,0,0,1
"Sweden","X","X","X",NA,"W","W","X","X","N","N","X","X","X","N","X","N","N","D",NA,NA,"X","X",NA,"X","X","X","N","W","X","X","X","X",NA,"X","X","N","X","X","X","N","X","X","X","N","X","X","X","N","N","X","X","X","S","X","S","X","X","X","S","X","N","N","X","X","X","X","S","62",3,9,7,9,10,10,10,4
"Switzerland",NA,NA,NA,NA,NA,"X",NA,NA,NA,NA,NA,NA,NA,NA,"N",NA,"X","N","X","X","X",NA,NA,"X","X","N","X","X","W","X","X","X","X","X","W","X","X","X","D","X","X","X","X","X","X","X","X",NA,"X","X","S","X","X","X","X","X","S","X","X","X","S","X","X","X","X","X","X","50",0,1,6,10,10,9,10,4
"Syria",NA,NA,NA,NA,NA,NA,NA,NA,NA,NA,NA,NA,NA,NA,NA,NA,NA,NA,NA,NA,NA,NA,NA,NA,NA,NA,NA,NA,NA,NA,NA,NA,NA,NA,NA,NA,NA,NA,NA,NA,NA,NA,NA,NA,NA,NA,NA,NA,NA,NA,NA,NA,NA,NA,NA,NA,NA,NA,NA,NA,NA,"X",NA,NA,NA,NA,NA,"1",0,0,0,0,0,0,1,0
"Taiwan",NA,"X",NA,NA,NA,NA,NA,NA,"X",NA,"X",NA,NA,NA,NA,NA,"X",NA,NA,NA,"X",NA,NA,NA,"X","X","X","X","X","X","X","X","X","X","X","X","X","N","N","X","X","X","X","X","W","X","X","X","X","X","X","X","X","X","X","S","X","X","X","X","X","X","X","X","S","X","X","48",1,2,2,9,10,10,10,4
"Tajikistan",NA,NA,NA,NA,NA,NA,NA,NA,NA,NA,NA,NA,NA,NA,NA,NA,NA,NA,NA,NA,NA,NA,NA,NA,NA,NA,NA,NA,NA,NA,NA,NA,NA,NA,NA,NA,NA,NA,NA,NA,NA,NA,NA,"X",NA,NA,NA,NA,NA,"D",NA,NA,NA,NA,NA,NA,NA,NA,NA,NA,NA,NA,NA,NA,NA,NA,NA,"2",0,0,0,0,0,2,0,0
"Tanzania",NA,NA,NA,NA,NA,NA,NA,NA,NA,NA,NA,NA,NA,NA,NA,NA,NA,NA,NA,NA,NA,NA,NA,NA,NA,NA,NA,NA,NA,NA,NA,NA,NA,NA,NA,NA,NA,NA,NA,NA,NA,NA,NA,NA,NA,"X",NA,NA,NA,NA,NA,NA,NA,NA,NA,NA,NA,NA,NA,NA,NA,NA,NA,NA,NA,NA,"X","2",0,0,0,0,0,1,0,1
"Thailand",NA,NA,NA,NA,NA,NA,NA,NA,NA,NA,NA,NA,NA,NA,NA,NA,NA,NA,NA,NA,NA,NA,NA,NA,NA,NA,NA,NA,"X",NA,NA,NA,NA,"X","X",NA,NA,NA,NA,"X",NA,"X","X",NA,"X","X","X","X","X","X","X","X","X","X","X","X","X","X","X","X","X","X","X","X","X","X","X","29",0,0,0,1,5,9,10,4
"Tunisia",NA,NA,NA,NA,NA,NA,NA,NA,NA,NA,NA,NA,NA,NA,NA,NA,NA,NA,NA,NA,NA,NA,NA,NA,NA,NA,NA,NA,NA,NA,NA,NA,NA,NA,NA,NA,NA,NA,NA,"X",NA,NA,NA,NA,NA,NA,"X",NA,NA,NA,NA,NA,NA,NA,NA,NA,NA,NA,NA,NA,"NL","X","X","X","N","X","X","9",0,0,0,0,1,1,3,4
"Turkey",NA,NA,NA,NA,NA,NA,NA,NA,"X",NA,NA,NA,NA,NA,NA,NA,NA,NA,NA,NA,NA,NA,NA,NA,NA,NA,NA,NA,NA,NA,NA,NA,NA,"X",NA,NA,"X","X","X",NA,NA,"X",NA,"X","X","X","X","X",NA,"X","X","X","S","X","X","X","X","X","X","X","X","X","X","X","X","X","X","29",0,1,0,0,5,9,10,4
"Uganda",NA,NA,NA,NA,NA,NA,NA,NA,NA,NA,NA,NA,NA,NA,NA,NA,NA,NA,NA,NA,NA,NA,NA,NA,NA,NA,NA,NA,NA,NA,NA,NA,NA,NA,NA,NA,NA,NA,NA,NA,NA,NA,NA,NA,NA,NA,NA,NA,NA,NA,NA,NA,NA,NA,NA,NA,NA,NA,NA,NA,NA,NA,NA,NA,NA,NA,"X","1",0,0,0,0,0,0,0,1
"Ukraine",NA,NA,NA,NA,NA,NA,NA,NA,NA,NA,NA,NA,NA,NA,NA,NA,NA,NA,NA,NA,NA,NA,NA,NA,NA,NA,NA,NA,NA,NA,NA,NA,NA,NA,NA,NA,NA,NA,NA,NA,NA,"X",NA,NA,NA,NA,NA,"X","D",NA,"X",NA,"X",NA,NA,NA,"X","X","X",NA,"X","X","X","X","X","X","X","15",0,0,0,0,1,4,6,4
"United Kingdom",NA,NA,NA,NA,NA,NA,NA,NA,NA,NA,NA,NA,NA,NA,NA,NA,NA,NA,NA,NA,NA,NA,NA,NA,NA,NA,NA,NA,NA,NA,NA,NA,NA,NA,NA,"X",NA,"N",NA,"X",NA,NA,"X","N",NA,"X","X",NA,NA,NA,NA,NA,"X","X",NA,"X",NA,"X","X","X","X","X","X","X",NA,"X","X","19",0,0,0,0,4,4,8,3
"Uruguay",NA,NA,NA,NA,NA,NA,NA,NA,NA,NA,NA,NA,NA,NA,NA,NA,NA,NA,NA,NA,NA,NA,NA,NA,NA,NA,NA,NA,NA,NA,NA,NA,NA,NA,NA,NA,"ND",NA,NA,NA,NA,NA,NA,NA,NA,"X","X","X","X","NL",NA,"X","X","X","X","X","X","X","X","X","X","X","X","X","X","X","X","22",0,0,0,0,1,7,10,4
"Uzbekistan",NA,NA,NA,NA,NA,NA,NA,NA,NA,NA,NA,NA,NA,NA,NA,NA,NA,NA,NA,NA,NA,NA,NA,NA,NA,NA,NA,NA,NA,NA,NA,NA,NA,NA,NA,NA,NA,NA,NA,NA,NA,NA,NA,NA,NA,NA,NA,NA,NA,NA,NA,NA,NA,NA,NA,NA,NA,NA,NA,NA,NA,NA,NA,"X","D","X",NA,"3",0,0,0,0,0,0,0,3
"Venezuela",NA,NA,NA,NA,NA,NA,NA,NA,NA,NA,NA,NA,NA,NA,NA,NA,NA,NA,NA,NA,NA,"X",NA,NA,NA,NA,NA,NA,"X","X",NA,NA,NA,NA,NA,"X",NA,NA,"X","X",NA,"X","X","X","X","X","X","X","X","D","X","X","X","X","X","X","X","X","S","X","X","X","X","X","X","X","X","32",0,0,1,2,5,10,10,4
"Vietnam",NA,NA,NA,NA,NA,NA,NA,NA,NA,NA,NA,NA,NA,NA,NA,NA,NA,NA,NA,NA,NA,NA,NA,NA,NA,NA,NA,NA,NA,NA,NA,NA,NA,NA,NA,NA,NA,"N",NA,NA,"X",NA,NA,"X","X",NA,NA,NA,NA,"X","X","X",NA,"X",NA,"X","X",NA,NA,"X","X","X","X","X","X","X","X","18",0,0,0,0,2,5,7,4
"West Germany","N","N","N","N","X",NA,NA,NA,NA,NA,"X","X","X","X","X","X","X","N","X","X","X","X","N","W","X","X","X","X","X","N","X","X","X","X",NA,NA,NA,NA,NA,NA,NA,NA,NA,NA,NA,NA,NA,NA,NA,NA,NA,NA,NA,NA,NA,NA,NA,NA,NA,NA,NA,NA,NA,NA,NA,NA,NA,"29",3,5,10,10,1,0,0,0
"Yemen",NA,NA,NA,NA,NA,NA,NA,NA,NA,NA,NA,NA,NA,NA,NA,NA,NA,NA,NA,NA,NA,NA,NA,NA,NA,NA,NA,NA,NA,NA,NA,NA,NA,NA,NA,NA,NA,NA,NA,NA,NA,NA,NA,NA,NA,NA,NA,NA,NA,NA,NA,NA,NA,NA,NA,NA,NA,NA,NA,NA,"X",NA,"X",NA,NA,NA,NA,"2",0,0,0,0,0,0,2,0
"Yugoslavia",NA,NA,"N","X","N",NA,NA,"X","X",NA,"N","N","X","N",NA,"X","X","X","X","X","X",NA,"X","X","X","X","X","X","X","N","X","X","X","X","X","X",NA,NA,NA,NA,NA,NA,NA,NA,NA,NA,NA,NA,NA,NA,NA,NA,NA,NA,NA,NA,NA,NA,NA,NA,NA,NA,NA,NA,NA,NA,NA,"29",1,7,8,10,3,0,0,0
"137","8","12","10","13","12","13","13","14","18","15","19","16","18","24","13","20","22","21","20","21","24","24","19","23","26","25","25","26","32","30","32","30","32","37","37","34","33","35","46","41","39","43","45","47","46","51","55","56","52","62","63","64","67","67","66","65","71","76","83","82","89","92","89","94","97","93","92","67",3,10,10,10,10,10,10,4
NA,"9","13","11","14","13","14","14","15","19","16","20","17","19","25","14","21","23","22","21","22","25","25","20","24","27","26","26","27","33","31","33","31","33","38","38","35","34","36","47","42","40","44","46","48","47","52","56","57","53","63","64","65","68","68","67","66","72","77","84","83","90","93","90","95","98","94","93",NA,3,10,10,10,10,10,10,4
